,player,player_id,birth_date,height_weight,batting_hand,throwing_hand,position
0,니퍼트,61240,1981-05-06,"203cm, 103kg",우타,우투,P
1,비야누에바,67742,1983-11-28,"188cm, 100kg",우타,우투,P
2,송창식,74731,1985-03-25,"183cm, 104kg",우타,우투,P
3,박정진,99737,1976-05-27,"183cm, 88kg",좌타,좌투,P
4,장민재,79764,1990-03-19,"184cm, 98kg",우타,우투,P
5,김성배,73226,1981-01-12,"180cm, 86kg",우타,우언,P
6,헥터,66643,1987-01-26,"191cm, 93kg",우타,우투,P
7,김대우,61365,1984-07-26,"189cm, 95kg",좌타,우투,P
8,백정현,77446,1987-07-13,"184cm, 80kg",좌타,좌투,P
9,김승현,66492,1992-07-09,"180cm, 105kg",우타,우투,P
10,장지훈,67443,1998-12-06,"177cm, 78kg",우타,우투,P
11,심동섭,60636,1991-09-20,"185cm, 93kg",좌타,좌투,P
12,박근홍,74630,1985-08-22,"180cm, 90kg",좌타,좌투,P
13,임기영,62754,1993-04-16,"184cm, 78kg",우타,우언,P
14,켈리,65856,1989-10-04,"191cm, 98kg",우타,우투,P
15,로치,67033,1989-12-14,"183cm, 88kg",우타,우투,P
16,박희수,76858,1983-07-13,"184cm, 88kg",좌타,좌투,P
17,김주한,66859,1993-02-03,"184cm, 93kg",우타,우언,P
18,고영표,64001,1991-09-16,"187cm, 88kg",우타,우언,P
19,박정배,75250,1982-04-01,"180cm, 90kg",우타,우투,P
20,조무근,65067,1991-09-26,"198cm, 116kg",우타,우투,P
21,채병용,71845,1982-04-25,"185cm, 100kg",우타,우투,P
22,김재윤,65062,1990-09-16,"185cm, 91kg",우타,우투,P
23,밴헤켄,62322,1979-07-31,"193cm, 90kg",우타,좌투,P
24,소사,62698,1985-07-28,"185cm, 95kg",우타,우투,P
25,마정길,72749,1979-03-13,"177cm, 95kg",우타,우언,P
26,이동현,71118,1983-01-12,"192cm, 98kg",우타,우투,P
27,금민철,75258,1986-11-07,"181cm, 87kg",좌타,좌투,P
28,진해수,76650,1986-06-26,"187cm, 85kg",좌타,좌투,P
29,김상수,76430,1990-03-23,"175cm, 68kg",우타,우투,P
30,신정락,60140,1987-05-13,"177cm, 78kg",우타,우언,P
31,정찬헌,78148,1990-01-26,"187cm, 94kg",우타,우투,P
32,맨쉽,67948,1985-01-16,"187cm, 95kg",우타,우투,P
33,레일리,65546,1988-06-29,"190cm, 84kg",좌타,좌투,P
34,박시영,60559,1989-03-10,"180cm, 88kg",우타,우투,P
35,이정민,72551,1979-03-02,"182cm, 90kg",우타,우투,P
36,배장호,76540,1987-06-25,"188cm, 93kg",우타,우언,P
37,원종현,76118,1987-07-31,"182cm, 83kg",우타,우언,P
38,김진성,75867,1985-03-07,"186cm, 92kg",우타,우투,P
39,임창민,78352,1985-08-25,"183cm, 85kg",우타,우투,P
40,유희관,79229,1986-06-01,"180cm, 88kg",좌타,좌투,P
41,김승회,73248,1981-02-11,"177cm, 85kg",우타,우투,P
42,김명신,67246,1993-11-29,"178cm, 90kg",우타,우투,P
43,이용찬,77211,1989-01-02,"185cm, 85kg",우타,우투,P
44,정우람,74857,1985-06-01,"181cm, 82kg",좌타,좌투,P
45,이현승,76329,1983-10-11,"179cm, 87kg",좌타,좌투,P
46,윤규진,73750,1984-07-28,"185cm, 90kg",우타,우투,P
47,홍상삼,78247,1990-02-13,"188cm, 85kg",좌타,우투,P
48,우규민,73117,1985-01-21,"184cm, 75kg",좌타,우언,P
49,팻딘,67645,1989-05-25,"185cm, 88kg",좌타,좌투,P
50,이승현,60146,1991-11-20,"181cm, 92kg",우타,우투,P
51,권오준,99445,1980-03-09,"182cm, 80kg",우타,우언,P
52,고효준,72523,1983-02-08,"179cm, 74kg",좌타,좌투,P
53,한승혁,61666,1993-01-03,"185cm, 94kg",좌타,우투,P
54,임창용,95657,1976-06-04,"180cm, 75kg",우타,우언,P
55,심창민,61411,1993-02-01,"185cm, 86kg",우타,우언,P
56,윤희상,74838,1985-05-17,"193cm, 96kg",우타,우투,P
57,장시환,77318,1987-11-01,"184cm, 93kg",우타,우투,P
58,서진용,61895,1992-10-02,"184cm, 88kg",우타,우투,P
59,류제국,63111,1983-05-30,"190cm, 105kg",우타,우투,P
60,김건태,60339,1991-10-02,"185cm, 85kg",우타,우투,P
61,김지용,60181,1988-02-20,"177cm, 81kg",우타,우투,P
62,한현희,62363,1993-06-25,"182cm, 98kg",우타,우언,P
63,최성훈,62146,1989-10-11,"178cm, 75kg",좌타,좌투,P
64,이재학,60263,1990-10-04,"181cm, 84kg",우타,우언,P
65,김원중,62528,1993-06-14,"191cm, 97kg",좌타,우투,P
66,손승락,75321,1982-03-04,"187cm, 99kg",우타,우투,P
67,이형범,62951,1994-02-27,"181cm, 86kg",우타,우투,P
68,윤수호,65064,1992-07-09,"183cm, 90kg",우타,우투,P
69,송은범,73801,1984-03-17,"182cm, 93kg",우타,우투,P
70,안영명,73738,1984-11-19,"183cm, 90kg",우타,우투,P
71,송신영,99314,1977-03-01,"180cm, 88kg",우타,우투,P
72,윤성환,74454,1981-10-08,"183cm, 88kg",우타,우투,P
73,김윤동,62648,1993-04-01,"186cm, 97kg",우타,우투,P
74,홍건희,61643,1992-09-29,"185cm, 92kg",우타,우투,P
75,문승원,62869,1989-11-28,"183cm, 85kg",우타,우투,P
76,피어밴드,65331,1985-08-22,"190cm, 102kg",좌타,좌투,P
77,전유수,75340,1986-11-29,"185cm, 95kg",좌타,우투,P
78,임준혁,73632,1984-10-09,"182cm, 100kg",우타,우투,P
79,심재민,64017,1994-02-18,"182cm, 92kg",좌타,좌투,P
80,김성민,67828,1994-04-26,"181cm, 90kg",좌타,좌투,P
81,이상화,77563,1988-03-01,"188cm, 95kg",우타,우투,P
82,윤지웅,61329,1988-03-11,"180cm, 75kg",좌타,좌투,P
83,이보근,75342,1986-04-30,"187cm, 90kg",우타,우투,P
84,김세현,76350,1987-08-07,"188cm, 98kg",우타,우투,P
85,구창모,65933,1997-02-17,"183cm, 85kg",좌타,좌투,P
86,박진형,63512,1994-06-10,"181cm, 80kg",우타,우투,P
87,송승준,77591,1980-06-29,"184cm, 105kg",우타,우투,P
88,임정호,63959,1990-04-16,"188cm, 85kg",좌타,좌투,P
89,최성영,66920,1997-04-28,"180cm, 85kg",좌타,좌투,P
90,배영수,70425,1981-05-04,"184cm, 90kg",우타,우투,P
91,최금강,62966,1989-04-26,"195cm, 95kg",우타,우투,P
92,배재환,64995,1995-02-24,"186cm, 95kg",우타,우투,P
93,주권,65060,1995-05-31,"181cm, 82kg",우타,우투,P
94,장원준,74513,1985-07-31,"184cm, 85kg",좌타,좌투,P
95,엄상백,65056,1996-10-04,"187cm, 72kg",우타,우언,P
96,정성곤,65058,1996-07-10,"176cm, 74kg",좌타,좌투,P
97,양현종,77637,1988-03-01,"183cm, 91kg",좌타,좌투,P
98,박종훈,60841,1991-08-13,"186cm, 85kg",우타,우언,P
99,문광은,60845,1987-11-09,"180cm, 85kg",우타,우투,P
100,차우찬,76455,1987-05-31,"185cm, 80kg",좌타,좌투,P
101,장원삼,76355,1983-06-09,"181cm, 81kg",좌타,좌투,P
102,김대현,66145,1997-03-08,"188cm, 100kg",우타,우투,P
103,박세웅,64021,1995-11-30,"183cm, 79kg",우타,우투,P
104,최원태,65320,1997-01-07,"184cm, 93kg",우타,우투,P
105,해커,63938,1983-03-26,"185cm, 104kg",우타,우투,P
106,이태양,60768,1990-07-03,"192cm, 97kg",좌타,우투,P
107,함덕주,63248,1995-01-13,"181cm, 78kg",좌타,좌투,P
108,오주원,74359,1985-03-31,"184cm, 95kg",좌타,좌투,P
109,이명우,72535,1982-06-03,"185cm, 98kg",좌타,좌투,P
110,노경은,73211,1984-03-11,"186cm, 90kg",우타,우투,P
111,임찬규,61101,1992-11-20,"185cm, 80kg",우타,우투,P
112,최충연,66451,1997-03-05,"190cm, 85kg",우타,우투,P
113,박진태,67646,1994-10-19,"180cm, 83kg",우타,우투,P
114,강영식,70615,1981-06-17,"189cm, 99kg",좌타,좌투,P
115,김강률,77263,1988-08-28,"187cm, 95kg",우타,우투,P
116,강윤구,79358,1990-07-10,"183cm, 89kg",좌타,좌투,P
117,이민호,62929,2001-08-30,"189cm, 93kg",우타,우투,P
118,김동호,79791,1985-09-10,"185cm, 91kg",우타,우투,P
119,고우석,67119,1998-08-06,"182cm, 90kg",우타,우투,P
120,장필준,77927,1988-04-08,"190cm, 90kg",우타,우투,P
121,김유영,64596,1994-05-02,"180cm, 80kg",좌타,좌투,P
122,조상우,63342,1994-09-04,"186cm, 97kg",우타,우투,P
123,다이아몬드,67815,1986-07-30,"191cm, 93kg",좌타,좌투,P
124,배제성,65516,1996-09-29,"189cm, 85kg",양타,우투,P
125,김시현,67467,1998-09-26,"181cm, 89kg",우타,우투,P
126,보우덴,66226,1986-09-09,"190cm, 101kg",우타,우투,P
127,최지광,67421,1998-03-13,"173cm, 85kg",우타,우투,P
128,권혁,72447,1983-11-06,"192cm, 100kg",좌타,좌투,P
129,박치국,67266,1998-03-10,"177cm, 78kg",우타,우언,P
130,이동걸,77452,1983-08-12,"185cm, 95kg",우타,우투,P
131,홍성용,75149,1986-11-18,"180cm, 85kg",좌타,좌투,P
132,신재웅,75138,1982-03-28,"181cm, 85kg",좌타,좌투,P
133,류희운,64029,1995-06-19,"191cm, 103kg",우타,우투,P
134,김태훈,79847,1996-03-31,"177cm, 78kg",좌타,우투,P
135,김재영,66741,1993-07-22,"187cm, 84kg",우타,우언,P
136,하영민,64350,1995-05-07,"180cm, 68kg",우타,우투,P
137,김범수,65769,1995-10-03,"182cm, 81kg",좌타,좌투,P
138,브리검,67313,1988-02-10,"190cm, 90kg",우타,우투,P
139,정용운,79617,1990-07-06,"185cm, 90kg",좌타,좌투,P
140,이영하,66291,1997-11-01,"192cm, 91kg",우타,우투,P
141,김사율,99563,1980-04-17,"181cm, 95kg",우타,우투,P
142,정재원,74748,1984-08-11,"187cm, 84kg",우타,우언,P
143,정수민,66960,1990-04-01,"188cm, 92kg",우타,우투,P
144,정인욱,79440,1990-12-18,"186cm, 85kg",우타,우투,P
145,박세진,66047,1997-06-27,"178cm, 93kg",좌타,좌투,P
146,임현준,61457,1988-12-21,"185cm, 88kg",좌타,좌언,P
147,강승현,78552,1985-10-06,"186cm, 94kg",좌타,우투,P
148,안성무,63027,1990-12-14,"180cm, 80kg",우타,우투,P
149,김대유,60337,1991-05-08,"187cm, 92kg",좌타,좌투,P
150,윤영삼,61456,1992-07-14,"181cm, 87kg",양타,우투,P
151,전용훈,64267,1995-03-20,"182cm, 75kg",우타,우투,P
152,임기준,60634,1991-10-08,"182cm, 83kg",좌타,좌투,P
153,김종훈,62696,1972-01-29,"183cm, 80kg",우타,우투,P
154,김진영,67737,1992-04-16,"180cm, 89kg",우타,우투,P
155,조정훈,75537,1985-05-03,"188cm, 95kg",우타,우투,P
156,이건욱,64861,1995-02-13,"182cm, 85kg",우타,우투,P
157,박상원,67703,1994-09-09,"189cm, 88kg",우타,우투,P
158,린드블럼,65543,1987-06-15,"195cm, 105kg",우타,우투,P
159,임대한,66493,1993-08-13,"178cm, 85kg",좌타,우투,P
160,이영준,64051,1991-10-10,"184cm, 97kg",좌타,좌투,P
161,김경태,60757,1991-02-28,"183cm, 90kg",좌타,좌투,P
162,정영일,62056,1988-11-16,"188cm, 98kg",우타,우투,P
163,김정인,65392,1996-06-03,"183cm, 70kg",우타,우투,P
164,여건욱,79825,1986-09-16,"185cm, 92kg",우타,우투,P
165,이종혁,67066,1997-05-29,"190cm, 86kg",우타,우투,P
166,유원상,76757,1986-06-17,"187cm, 93kg",우타,우투,P
167,진명호,79545,1989-03-20,"192cm, 98kg",좌타,우투,P
168,이민우,65616,1993-02-09,"185cm, 97kg",우타,우투,P
169,김민우,65764,1995-07-25,"189cm, 105kg",우타,우투,P
170,김도영,66098,2003-10-02,"183cm, 85kg",우타,우투,P
171,샘슨,68748,1991-01-06,"188cm, 102kg",우타,우투,P
172,박주홍,68703,1999-08-20,"178cm, 109kg",좌타,좌투,P
173,고창성,78248,1984-12-21,"184cm, 82kg",우타,우언,P
174,윌슨,68135,1989-09-25,"188cm, 84kg",우타,우투,P
175,듀브론트,68526,1987-10-23,"188cm, 108kg",좌타,좌투,P
176,곽빈,68220,1999-05-28,"187cm, 95kg",우타,우투,P
177,김선기,66018,1991-09-01,"187cm, 94kg",우타,우투,P
178,문경찬,65643,1992-07-08,"186cm, 85kg",우타,우투,P
179,유승철,67640,1998-03-02,"184cm, 87kg",양타,우투,P
180,베렛,68953,1990-06-19,"188cm, 86kg",우타,우투,P
181,김광현,77829,1988-07-22,"188cm, 88kg",좌타,좌투,P
182,김대우,78536,1984-07-26,"189cm, 95kg",좌타,우투,P
183,구승민,63543,1990-06-12,"181cm, 80kg",우타,우투,P
184,아델만,68435,1987-11-13,"196cm, 102kg",우타,우투,P
185,산체스,68815,1989-11-28,"185cm, 88kg",우타,우투,P
186,후랭코프,68240,1988-08-27,"195cm, 95kg",우타,우투,P
187,보니야,68400,1990-06-18,"186cm, 102kg",우타,우투,P
188,김기태,76461,1969-05-23,"180cm, 85kg",좌타,좌투,P
189,박정수,65639,1996-01-29,"178cm, 74kg",좌타,우언,P
190,양창섭,68415,1999-09-22,"182cm, 85kg",우타,우투,P
191,이우찬,61145,1992-08-04,"183cm, 88kg",좌타,좌투,P
192,오현택,79293,1985-07-17,"180cm, 73kg",우타,우언,P
193,김진욱,68701,2000-01-13,"176cm, 79kg",우타,우투,P
194,배재준,63145,1994-11-24,"188cm, 80kg",우타,우투,P
195,김유신,68659,1999-06-14,"187cm, 100kg",좌타,좌투,P
196,이승진,64805,1995-01-07,"186cm, 88kg",우타,우투,P
197,정태승,62595,1988-03-17,"178cm, 96kg",좌타,좌투,P
198,황인준,65618,1991-07-23,"184cm, 94kg",우타,우투,P
199,김민규,68200,1999-05-07,"183cm, 90kg",좌타,우투,P
200,정성종,68556,1995-11-16,"181cm, 88kg",좌타,우투,P
201,최채흥,68419,1995-01-22,"186cm, 97kg",좌타,좌투,P
202,양현,61268,1992-08-23,"188cm, 70kg",우타,우언,P
203,안우진,68341,1999-08-30,"191cm, 90kg",우타,우투,P
204,윤석민,75620,1986-07-24,"185cm, 90kg",우타,우투,P
205,이승호,67603,1976-08-23,"189cm, 90kg",좌타,좌투,P
206,하준영,68639,1999-09-06,"182cm, 77kg",좌타,좌투,P
207,김태형,67122,1967-09-12,"175cm, 82kg",우타,우투,P
208,문성현,60336,1991-11-09,"180cm, 87kg",우타,우투,P
209,김성훈,67762,1993-10-27,"172cm, 68kg",좌타,우투,P
210,강지광,79130,1990-10-23,"181cm, 100kg",우타,우투,P
211,고영창,63628,1989-02-24,"189cm, 100kg",우타,우투,P
212,김민,68043,1999-04-14,"185cm, 88kg",우타,우투,P
213,전인환,79339,1990-06-04,"183cm, 83kg",우타,우투,P
214,박성모,68201,1995-02-22,"186cm, 86kg",좌타,좌투,P
215,최민준,68856,1999-06-11,"178cm, 83kg",우타,우투,P
216,김태형,62918,1967-09-12,"175cm, 82kg",우타,우투,P
217,김택형,65343,1996-10-10,"185cm, 90kg",좌타,좌투,P
218,김태오,66064,1997-07-29,"183cm, 84kg",좌타,좌투,P
219,김건국,76225,1988-02-02,"179cm, 85kg",우타,우투,P
220,홍성민,62655,1989-07-15,"191cm, 82kg",양타,우언,P
221,임준섭,62611,1989-07-16,"181cm, 88kg",좌타,좌투,P
222,전상현,66609,1996-04-18,"182cm, 84kg",우타,우투,P
223,허준혁,79535,1999-07-02,"180cm, 85kg",우타,우투,P
224,박진우,63991,1990-02-12,"180cm, 83kg",우타,우언,P
225,박민호,64893,1992-02-25,"185cm, 95kg",우타,우언,P
226,김민수,65048,1992-07-24,"188cm, 80kg",우타,우투,P
227,이상민,63960,1990-11-04,"180cm, 85kg",좌타,좌투,P
228,김종수,63765,1994-06-03,"180cm, 80kg",우타,우투,P
229,박준표,63638,1992-06-26,"181cm, 93kg",우타,우언,P
230,서폴드,69744,1990-01-16,"188cm, 101kg",우타,우투,P
231,윤명준,62242,1989-06-18,"178cm, 78kg",우타,우투,P
232,쿠에바스,69032,1990-10-14,"188cm, 98kg",양타,우투,P
233,하재훈,69813,1990-10-29,"182cm, 90kg",우타,우투,P
234,이준영,65665,1992-08-10,"177cm, 85kg",좌타,좌투,P
235,맥과이어,69413,1989-06-23,"198cm, 100kg",우타,우투,P
236,홍정우,65496,1996-03-16,"182cm, 85kg",우타,우투,P
237,이인복,64565,1991-06-18,"187cm, 94kg",우타,우투,P
238,채드벨,69748,1989-02-28,"190cm, 90kg",우타,좌투,P
239,손동현,69041,2001-01-23,"183cm, 88kg",좌타,우투,P
240,켈리,69103,1989-10-04,"191cm, 98kg",우타,우투,P
241,김기훈,69620,2000-01-03,"184cm, 93kg",좌타,좌투,P
242,정우영,69159,1999-08-19,"193cm, 85kg",우타,우언,P
243,루친스키,69940,1988-12-30,"188cm, 91kg",우타,우투,P
244,요키시,69343,1989-07-29,"188cm, 93kg",우타,좌투,P
245,박주성,69328,2000-11-09,"181cm, 95kg",우타,우투,P
246,이대은,67008,1989-03-23,"189cm, 90kg",좌타,우투,P
247,다익손,69861,1994-07-02,"205cm, 117kg",우타,우투,P
248,원태인,69446,2000-04-06,"183cm, 92kg",우타,우투,P
249,윌랜드,69656,1990-01-21,"188cm, 92kg",우타,우투,P
250,김영규,68900,2000-02-10,"188cm, 86kg",좌타,좌투,P
251,알칸타라,69045,1992-12-04,"193cm, 100kg",우타,우투,P
252,서준원,69539,2000-11-05,"187cm, 95kg",우타,우언,P
253,김현수,69516,2000-07-10,"185cm, 90kg",우타,우투,P
254,배민서,69974,1999-11-18,"184cm, 81kg",우타,우언,P
255,문동욱,64554,1992-01-07,"187cm, 90kg",좌타,우투,P
256,최하늘,68501,1999-03-26,"190cm, 99kg",우타,우언,P
257,최영환,64718,1992-02-20,"179cm, 92kg",우타,우투,P
258,윤호솔,63961,1994-07-15,"183cm, 99kg",우타,우투,P
259,송명기,69962,2000-08-09,"191cm, 93kg",우타,우투,P
260,차명진,64615,1995-03-03,"188cm, 104kg",우타,우투,P
261,이정현,67048,1997-12-05,"188cm, 93kg",우타,우투,P
262,이승헌,68529,1998-12-19,"196cm, 97kg",우타,우투,P
263,조현우,64047,1994-03-30,"182cm, 79kg",좌타,좌투,P
264,윤정현,69399,1993-05-17,"187cm, 110kg",좌타,좌투,P
265,김윤수,68403,1999-12-08,"183cm, 94kg",우타,우투,P
266,프리드릭,69953,1987-07-08,"194cm, 100kg",우타,좌투,P
267,하준호,78517,1989-04-29,"174cm, 78kg",좌타,좌투,P
268,이선우,69068,2000-09-19,"186cm, 90kg",우타,우투,P
269,소이현,67962,1999-02-09,"185cm, 93kg",우타,우투,P
270,강백호,68050,1999-07-29,"184cm, 98kg",좌타,우투,P
271,데스파이네,50040,1987-04-04,"182cm, 92kg",우타,우투,P
272,스트레일리,50558,1988-12-01,"189cm, 100kg",우타,우투,P
273,채지선,65241,1995-07-11,"180cm, 70kg",좌타,우투,P
274,김윤식,50157,2000-04-03,"181cm, 83kg",좌타,좌투,P
275,김현준,66630,1997-06-05,"182cm, 78kg",우타,우투,P
276,김재웅,67391,1998-10-22,"173cm, 88kg",좌타,좌투,P
277,이민호,50126,2001-08-30,"189cm, 93kg",우타,우투,P
278,뷰캐넌,50404,1989-05-11,"190cm, 90kg",우타,우투,P
279,플렉센,50234,1994-07-01,"191cm, 113kg",우타,우투,P
280,가뇽,50640,1990-06-26,"193cm, 97kg",우타,우투,P
281,소형준,50030,2001-09-16,"189cm, 92kg",우타,우투,P
282,황윤호,62908,1993-09-22,"177cm, 78kg",우타,우투,P
283,김성훈,69098,1993-10-27,"172cm, 68kg",좌타,우투,P
284,황동재,50441,2001-11-03,"191cm, 97kg",우타,우투,P
285,송윤준,61156,1992-07-16,"186cm, 78kg",좌타,좌투,P
286,샘슨,50524,1991-01-06,"188cm, 102kg",우타,우투,P
287,허윤동,50449,2001-06-19,"181cm, 90kg",좌타,좌투,P
288,윤대경,63464,1994-04-09,"179cm, 75kg",우타,우투,P
289,노시환,69737,2000-12-03,"185cm, 96kg",우타,우투,P
290,오승환,75421,1982-07-15,"178cm, 93kg",우타,우투,P
291,강재민,50705,1997-04-03,"180cm, 86kg",우타,우투,P
292,이승민,50464,2000-08-26,"174cm, 79kg",좌타,좌투,P
293,한승주,50726,2001-03-17,"184cm, 83kg",우타,우투,P
294,김진호,67954,1998-06-07,"183cm, 90kg",우타,우투,P
295,정해영,50662,2001-08-23,"189cm, 98kg",우타,우투,P
296,서덕원,66663,1993-07-12,"183cm, 89kg",우타,우투,P
297,이재익,63492,1994-03-18,"180cm, 76kg",좌타,좌투,P
298,김동혁,50360,2001-12-27,"183cm, 83kg",우타,우투,P
299,최준용,50556,2001-10-10,"185cm, 85kg",우타,우투,P
300,이정용,69134,1996-03-26,"186cm, 85kg",우타,우투,P
301,이찬혁,67164,1998-08-19,"187cm, 90kg",우타,우투,P
302,신민혁,68902,1999-02-04,"184cm, 95kg",우타,우투,P
303,박진우,63991,1990-02-12,"180cm, 83kg",우타,우언,P
304,박진형,63512,1994-06-10,"181cm, 80kg",우타,우투,P
305,구승민,63543,1990-06-12,"181cm, 80kg",우타,우투,P
306,송명기,69962,2000-08-09,"191cm, 93kg",우타,우투,P
307,오현택,79293,1985-07-17,"180cm, 73kg",우타,우언,P
308,김원중,62528,1993-06-14,"191cm, 97kg",좌타,우투,P
309,임정호,63959,1990-04-16,"188cm, 85kg",좌타,좌투,P
310,배재환,64995,1995-02-24,"186cm, 95kg",우타,우투,P
311,송승준,77591,1980-06-29,"184cm, 105kg",우타,우투,P
312,원종현,76118,1987-07-31,"182cm, 83kg",우타,우언,P
313,알칸타라,69045,1992-12-04,"193cm, 100kg",우타,우투,P
314,요키시,69343,1989-07-29,"188cm, 93kg",우타,좌투,P
315,김태훈,62360,1996-03-31,"177cm, 78kg",좌타,우투,P
316,이현승,76329,1983-10-11,"179cm, 87kg",좌타,좌투,P
317,홍건희,61643,1992-09-29,"185cm, 92kg",우타,우투,P
318,이영준,64051,1991-10-10,"184cm, 97kg",좌타,좌투,P
319,이형범,62951,1994-02-27,"181cm, 86kg",우타,우투,P
320,안우진,68341,1999-08-30,"191cm, 90kg",우타,우투,P
321,채지선,65241,1995-07-11,"180cm, 70kg",좌타,우투,P
322,김상수,76430,1990-03-23,"175cm, 68kg",우타,우투,P
323,원태인,69446,2000-04-06,"183cm, 92kg",우타,우투,P
324,김범수,65769,1995-10-03,"182cm, 81kg",좌타,좌투,P
325,김대우,61365,1984-07-26,"189cm, 95kg",좌타,우투,P
326,김진욱,68701,2000-01-13,"176cm, 79kg",우타,우투,P
327,이승현,60146,1991-11-20,"181cm, 92kg",우타,우투,P
328,안영명,73738,1984-11-19,"183cm, 90kg",우타,우투,P
329,강재민,50705,1997-04-03,"180cm, 86kg",우타,우투,P
330,김윤수,68403,1999-12-08,"183cm, 94kg",우타,우투,P
331,김종수,63765,1994-06-03,"180cm, 80kg",우타,우투,P
332,오승환,75421,1982-07-15,"178cm, 93kg",우타,우투,P
333,정우람,74857,1985-06-01,"181cm, 82kg",좌타,좌투,P
334,정찬헌,78148,1990-01-26,"187cm, 94kg",우타,우투,P
335,김세현,76350,1987-08-07,"188cm, 98kg",우타,우투,P
336,최성훈,62146,1989-10-11,"178cm, 75kg",좌타,좌투,P
337,정우영,69159,1999-08-19,"193cm, 85kg",우타,우언,P
338,진해수,76650,1986-06-26,"187cm, 85kg",좌타,좌투,P
339,고우석,67119,1998-08-06,"182cm, 90kg",우타,우투,P
340,최채흥,68419,1995-01-22,"186cm, 97kg",좌타,좌투,P
341,김민우,65764,1995-07-25,"189cm, 105kg",우타,우투,P
342,송윤준,61156,1992-07-16,"186cm, 78kg",좌타,좌투,P
343,최지광,67421,1998-03-13,"173cm, 85kg",우타,우투,P
344,우규민,73117,1985-01-21,"184cm, 75kg",좌타,우언,P
345,임준섭,62611,1989-07-16,"181cm, 88kg",좌타,좌투,P
346,윤대경,63464,1994-04-09,"179cm, 75kg",우타,우투,P
347,윤호솔,63961,1994-07-15,"183cm, 99kg",우타,우투,P
348,양현종,77637,1988-03-01,"183cm, 91kg",좌타,좌투,P
349,데스파이네,50040,1987-04-04,"182cm, 92kg",우타,우투,P
350,홍상삼,78247,1990-02-13,"188cm, 85kg",좌타,우투,P
351,문경찬,65643,1992-07-08,"186cm, 85kg",우타,우투,P
352,조현우,64047,1994-03-30,"182cm, 79kg",좌타,좌투,P
353,고영창,63628,1989-02-24,"189cm, 100kg",우타,우투,P
354,이보근,75342,1986-04-30,"187cm, 90kg",우타,우투,P
355,박종훈,60841,1991-08-13,"186cm, 85kg",우타,우언,P
356,임찬규,61101,1992-11-20,"185cm, 80kg",우타,우투,P
357,박희수,76858,1983-07-13,"184cm, 88kg",좌타,좌투,P
358,이정용,69134,1996-03-26,"186cm, 85kg",우타,우투,P
359,정용운,79617,1990-07-06,"185cm, 90kg",좌타,좌투,P
360,유희관,79229,1986-06-01,"180cm, 88kg",좌타,좌투,P
361,최원태,65320,1997-01-07,"184cm, 93kg",우타,우투,P
362,김강률,77263,1988-08-28,"187cm, 95kg",우타,우투,P
363,양현,61268,1992-08-23,"188cm, 70kg",우타,우언,P
364,박치국,67266,1998-03-10,"177cm, 78kg",우타,우언,P
365,조상우,63342,1994-09-04,"186cm, 97kg",우타,우투,P
366,켈리,69103,1989-10-04,"191cm, 98kg",우타,우투,P
367,장시환,77318,1987-11-01,"184cm, 93kg",우타,우투,P
368,송은범,73801,1984-03-17,"182cm, 93kg",우타,우투,P
369,스트레일리,50558,1988-12-01,"189cm, 100kg",우타,우투,P
370,장원삼,76355,1983-06-09,"181cm, 81kg",좌타,좌투,P
371,이인복,64565,1991-06-18,"187cm, 94kg",우타,우투,P
372,전상현,66609,1996-04-18,"182cm, 84kg",우타,우투,P
373,루친스키,69940,1988-12-30,"188cm, 91kg",우타,우투,P
374,최원준,67263,1997-03-23,"178cm, 81kg",좌타,우투,P
375,강윤구,79358,1990-07-10,"183cm, 89kg",좌타,좌투,P
376,함덕주,63248,1995-01-13,"181cm, 78kg",좌타,좌투,P
377,이승진,64805,1995-01-07,"186cm, 88kg",우타,우투,P
378,쿠에바스,69032,1990-10-14,"188cm, 98kg",양타,우투,P
379,문승원,62869,1989-11-28,"183cm, 85kg",우타,우투,P
380,전유수,75340,1986-11-29,"185cm, 95kg",좌타,우투,P
381,이창재,65057,1992-12-29,"178cm, 71kg",좌타,좌투,P
382,유원상,76757,1986-06-17,"187cm, 93kg",우타,우투,P
383,신재웅,75138,1982-03-28,"181cm, 85kg",좌타,좌투,P
384,김민,68043,1999-04-14,"185cm, 88kg",우타,우투,P
385,이태양,60768,1990-07-03,"192cm, 97kg",좌타,우투,P
386,한현희,62363,1993-06-25,"182cm, 98kg",우타,우언,P
387,홍정우,65496,1996-03-16,"182cm, 85kg",우타,우투,P
388,이재익,63492,1994-03-18,"180cm, 76kg",좌타,좌투,P
389,권오준,99445,1980-03-09,"182cm, 80kg",우타,우언,P
390,박주성,69328,2000-11-09,"181cm, 95kg",우타,우투,P
391,조성운,63348,1989-10-02,"185cm, 88kg",우타,우투,P
392,김윤식,50157,2000-04-03,"181cm, 83kg",좌타,좌투,P
393,서폴드,69744,1990-01-16,"188cm, 101kg",우타,우투,P
394,박세웅,64021,1995-11-30,"183cm, 79kg",우타,우투,P
395,임기영,62754,1993-04-16,"184cm, 78kg",우타,우언,P
396,김현수,69516,2000-07-10,"185cm, 90kg",우타,우투,P
397,정해영,50662,2001-08-23,"189cm, 98kg",우타,우투,P
398,이영하,66291,1997-11-01,"192cm, 91kg",우타,우투,P
399,김진성,75867,1985-03-07,"186cm, 92kg",우타,우투,P
400,소형준,50030,2001-09-16,"189cm, 92kg",우타,우투,P
401,이건욱,64861,1995-02-13,"182cm, 85kg",우타,우투,P
402,김재윤,65062,1990-09-16,"185cm, 91kg",우타,우투,P
403,주권,65060,1995-05-31,"181cm, 82kg",우타,우투,P
404,뷰캐넌,50404,1989-05-11,"190cm, 90kg",우타,우투,P
405,브리검,67313,1988-02-10,"190cm, 90kg",우타,우투,P
406,김재웅,67391,1998-10-22,"173cm, 88kg",좌타,좌투,P
407,노경은,73211,1984-03-11,"186cm, 90kg",우타,우투,P
408,가뇽,50640,1990-06-26,"193cm, 97kg",우타,우투,P
409,최준용,50556,2001-10-10,"185cm, 85kg",우타,우투,P
410,박준표,63638,1992-06-26,"181cm, 93kg",우타,우언,P
411,김건국,76225,1988-02-02,"179cm, 85kg",우타,우투,P
412,최성영,66920,1997-04-28,"180cm, 85kg",좌타,좌투,P
413,신민혁,68902,1999-02-04,"184cm, 95kg",우타,우투,P
414,김민규,68200,1999-05-07,"183cm, 90kg",좌타,우투,P
415,윤성환,74454,1981-10-08,"183cm, 88kg",우타,우투,P
416,이승호,67603,1976-08-23,"189cm, 90kg",좌타,좌투,P
417,이민우,65616,1993-02-09,"185cm, 97kg",우타,우투,P
418,윌슨,68135,1989-09-25,"188cm, 84kg",우타,우투,P
419,이준영,65665,1992-08-10,"177cm, 85kg",좌타,좌투,P
420,서준원,69539,2000-11-05,"187cm, 95kg",우타,우언,P
421,김민수,65048,1992-07-24,"188cm, 80kg",우타,우투,P
422,이민호,50126,2001-08-30,"189cm, 93kg",우타,우투,P
423,이재학,60263,1990-10-04,"181cm, 84kg",우타,우언,P
424,여건욱,79825,1986-09-16,"185cm, 92kg",우타,우투,P
425,김주한,66859,1993-02-03,"184cm, 93kg",우타,우언,P
426,김태훈,79847,1996-03-31,"177cm, 78kg",좌타,우투,P
427,홍성민,62655,1989-07-15,"191cm, 82kg",양타,우언,P
428,윤명준,62242,1989-06-18,"178cm, 78kg",우타,우투,P
429,오주원,74359,1985-03-31,"184cm, 95kg",좌타,좌투,P
430,한승혁,66557,1993-01-03,"185cm, 94kg",좌타,우투,P
431,박민호,64893,1992-02-25,"185cm, 95kg",우타,우언,P
432,서진용,61895,1992-10-02,"184cm, 88kg",우타,우투,P
433,채드벨,69748,1989-02-28,"190cm, 90kg",우타,좌투,P
434,김진영,67737,1992-04-16,"180cm, 89kg",우타,우투,P
435,김동혁,50360,2001-12-27,"183cm, 83kg",우타,우투,P
436,박정수,65639,1996-01-29,"178cm, 74kg",좌타,우언,P
437,이승민,50464,2000-08-26,"174cm, 79kg",좌타,좌투,P
438,손정욱,63914,1990-12-24,"182cm, 84kg",좌타,좌투,P
439,임현준,61457,1988-12-21,"185cm, 88kg",좌타,좌언,P
440,박주홍,68703,1999-08-20,"178cm, 109kg",좌타,좌투,P
441,샘슨,50524,1991-01-06,"188cm, 102kg",우타,우투,P
442,배제성,65516,1996-09-29,"189cm, 85kg",양타,우투,P
443,김성민,67828,1994-04-26,"181cm, 90kg",좌타,좌투,P
444,김기훈,69620,2000-01-03,"184cm, 93kg",좌타,좌투,P
445,박상원,67703,1994-09-09,"189cm, 88kg",우타,우투,P
446,정영일,62056,1988-11-16,"188cm, 98kg",우타,우투,P
447,김대현,66145,1997-03-08,"188cm, 100kg",우타,우투,P
448,장필준,77927,1988-04-08,"190cm, 90kg",우타,우투,P
449,김대우,78536,1984-07-26,"189cm, 95kg",좌타,우투,P
450,권혁,72447,1983-11-06,"192cm, 100kg",좌타,좌투,P
451,오동욱,69703,2001-02-04,"185cm, 80kg",우타,우투,P
452,오원석,50859,2001-04-23,"182cm, 80kg",좌타,좌투,P
453,서덕원,66663,1993-07-12,"183cm, 89kg",우타,우투,P
454,장지훈,67443,1998-12-06,"177cm, 78kg",우타,우투,P
455,임창민,78352,1985-08-25,"183cm, 85kg",우타,우투,P
456,이승헌,68910,1998-12-19,"196cm, 97kg",우타,우투,P
457,하준호,78517,1989-04-29,"174cm, 78kg",좌타,좌투,P
458,권휘,50203,2000-12-07,"181cm, 87kg",우타,우투,P
459,박시영,60559,1989-03-10,"180cm, 88kg",우타,우투,P
460,문동욱,64554,1992-01-07,"187cm, 90kg",좌타,우투,P
461,김건태,60339,1991-10-02,"185cm, 85kg",우타,우투,P
462,배민서,69974,1999-11-18,"184cm, 81kg",우타,우언,P
463,장민재,79764,1990-03-19,"184cm, 98kg",우타,우투,P
464,허윤동,50449,2001-06-19,"181cm, 90kg",좌타,좌투,P
465,이상민,63960,1990-11-04,"180cm, 85kg",좌타,좌투,P
466,김선기,66018,1991-09-01,"187cm, 94kg",우타,우투,P
467,차명진,64615,1995-03-03,"188cm, 104kg",우타,우투,P
468,김진호,67954,1998-06-07,"183cm, 90kg",우타,우투,P
469,윤정현,69399,1993-05-17,"187cm, 110kg",좌타,좌투,P
470,김명신,67246,1993-11-29,"178cm, 90kg",우타,우투,P
471,김영규,68900,2000-02-10,"188cm, 86kg",좌타,좌투,P
472,심창민,61411,1993-02-01,"185cm, 86kg",우타,우언,P
473,김정인,65392,1996-06-03,"183cm, 70kg",우타,우투,P
474,이대은,67008,1989-03-23,"189cm, 90kg",좌타,우투,P
475,김재열,64580,1996-01-02,"183cm, 97kg",우타,우투,P
476,진명호,79545,1989-03-20,"192cm, 98kg",좌타,우투,P
477,소이현,67962,1999-02-09,"185cm, 93kg",우타,우투,P
478,남호,69104,2000-07-20,"185cm, 86kg",좌타,좌투,P
479,정인욱,79440,1990-12-18,"186cm, 85kg",우타,우투,P
480,플렉센,50234,1994-07-01,"191cm, 113kg",우타,우투,P
481,고효준,72523,1983-02-08,"179cm, 74kg",좌타,좌투,P
482,김택형,65343,1996-10-10,"185cm, 90kg",좌타,좌투,P
483,박진태,67646,1994-10-19,"180cm, 83kg",우타,우투,P
484,이우찬,61145,1992-08-04,"183cm, 88kg",좌타,좌투,P
485,이승헌,68529,1998-12-19,"196cm, 97kg",우타,우투,P
486,황인준,65618,1991-07-23,"184cm, 94kg",우타,우투,P
487,김지용,60181,1988-02-20,"177cm, 81kg",우타,우투,P
488,손동현,69041,2001-01-23,"183cm, 88kg",좌타,우투,P
489,강지광,79130,1990-10-23,"181cm, 100kg",우타,우투,P
490,장원준,74513,1985-07-31,"184cm, 85kg",좌타,좌투,P
491,양창섭,68415,1999-09-22,"182cm, 85kg",우타,우투,P
492,윤희상,74838,1985-05-17,"193cm, 96kg",우타,우투,P
493,류희운,64029,1995-06-19,"191cm, 103kg",우타,우투,P
494,정수민,66960,1990-04-01,"188cm, 92kg",우타,우투,P
495,이찬혁,67164,1998-08-19,"187cm, 90kg",우타,우투,P
496,김현준,66630,1997-06-05,"182cm, 78kg",우타,우투,P
497,장웅정,50706,1997-04-11,"181cm, 76kg",우타,우투,P
498,구창모,65933,1997-02-17,"183cm, 85kg",좌타,좌투,P
499,김유영,64596,1994-05-02,"180cm, 80kg",좌타,좌투,P
500,류진욱,65949,1996-10-10,"189cm, 88kg",우타,우투,P
501,홍원표,50430,2001-03-27,"183cm, 86kg",우타,우투,P
502,최영환,64718,1992-02-20,"179cm, 92kg",우타,우투,P
503,김태현,67956,1998-03-21,"188cm, 95kg",좌타,좌투,P
504,김원석,62768,1989-10-29,"182cm, 83kg",우타,우투,RF
505,김태균,71752,1982-05-29,"185cm, 110kg",우타,우투,DH
506,로사리오,66740,1989-02-23,"180cm, 100kg",우타,우투,B
507,민병헌,76249,1987-03-10,"178cm, 87kg",우타,우투,CF
508,오재원,77248,1985-02-09,"185cm, 75kg",좌타,우투,B
509,에반스,66244,1986-01-30,"187cm, 105kg",우타,우투,DH
510,최진행,74729,1985-08-17,"188cm, 100kg",우타,우투,LF
511,임익준,77464,1988-03-15,"180cm, 83kg",우타,우투,B
512,조인성,98144,1975-05-25,"182cm, 107kg",우타,우투,C
513,김재환,78224,1988-09-22,"183cm, 90kg",좌타,우투,LF
514,양의지,76232,1987-06-05,"179cm, 85kg",우타,우투,C
515,오재일,75334,1986-10-29,"187cm, 95kg",좌타,좌투,B
516,강경학,61700,1992-08-11,"180cm, 72kg",좌타,우투,B
517,신성현,64086,1990-10-19,"183cm, 92kg",우타,우투,
518,박건우,79215,1990-09-08,"184cm, 80kg",우타,우투,CF
519,허경민,79240,1990-08-26,"176cm, 69kg",우타,우투,B
520,김재호,74206,1985-03-21,"181cm, 75kg",우타,우투,SS
521,송광민,76753,1983-06-24,"184cm, 90kg",우타,우투,B
522,정근우,75808,1982-10-02,"172cm, 80kg",우타,우투,B
523,이양기,73725,1981-01-31,"184cm, 90kg",우타,우투,LF
524,류지혁,62234,1994-01-13,"181cm, 75kg",좌타,우투,B
525,버나디나,67650,1984-06-12,"188cm, 95kg",좌타,좌투,CF
526,서동욱,73606,1984-03-21,"188cm, 99kg",좌타,우투,B
527,김주찬,70410,1981-03-25,"183cm, 94kg",우타,우투,B
528,박해민,62415,1990-02-24,"180cm, 75kg",좌타,우투,CF
529,김헌곤,61404,1988-11-09,"174cm, 81kg",우타,우투,LF
530,구자욱,62404,1993-02-12,"189cm, 75kg",좌타,우투,RF
531,러프,67450,1986-07-28,"192cm, 105kg",우타,우투,B
532,최형우,72443,1983-12-16,"179cm, 106kg",좌타,우투,LF
533,나지완,78629,1985-05-19,"182cm, 105kg",우타,우투,DH
534,이범호,70756,1981-11-25,"183cm, 100kg",우타,우투,B
535,김주형,74605,1985-12-15,"186cm, 112kg",우타,우투,SS
536,이승엽,95436,1976-08-18,"183cm, 88kg",좌타,좌투,DH
537,이원석,75566,1999-03-31,"177cm, 70kg",우타,우투,B
538,이지영,79456,1986-02-27,"178cm, 83kg",우타,우투,C
539,이홍구,63634,1990-12-11,"180cm, 95kg",우타,우투,C
540,김선빈,78603,1989-12-18,"165cm, 77kg",우타,우투,SS
541,강한울,64610,1991-09-12,"181cm, 66kg",좌타,우투,B
542,조동찬,72466,1983-07-27,"180cm, 80kg",우타,우투,B
543,배영섭,79465,1986-06-27,"178cm, 78kg",우타,우투,LF
544,이대형,73153,1983-07-19,"184cm, 78kg",좌타,좌투,K
545,하준호,78517,1989-04-29,"174cm, 78kg",좌타,좌투,LF
546,유한준,74339,1981-07-01,"186cm, 97kg",우타,우투,RF
547,박경수,73113,1984-03-31,"178cm, 80kg",우타,우투,B
548,이진영,99810,1997-07-21,"183cm, 89kg",우타,우투,DH
549,이해창,60343,1987-05-11,"184cm, 85kg",우타,우투,C
550,김강민,71837,1982-09-13,"182cm, 85kg",우타,우투,CF
551,김성현,76802,1987-03-09,"172cm, 72kg",우타,우투,B
552,최정,75847,1987-02-28,"180cm, 90kg",우타,우투,B
553,박기혁,70553,1981-06-04,"179cm, 77kg",우타,우투,SS
554,심우준,64006,1995-04-28,"183cm, 75kg",우타,우투,SS
555,정의윤,75151,1986-07-25,"185cm, 90kg",우타,우투,DH
556,박정권,74846,1981-07-21,"187cm, 96kg",좌타,좌투,B
557,김동엽,66838,1990-07-24,"186cm, 101kg",우타,우투,DH
558,이재원,76812,1999-07-17,"192cm, 100kg",우타,우투,C
559,박승욱,62802,1992-12-04,"184cm, 85kg",좌타,우투,SS
560,홍현빈,67005,1997-08-29,"174cm, 70kg",좌타,우투,CF
561,이형종,78135,1989-06-07,"183cm, 80kg",우타,우투,CF
562,오지환,79109,1990-03-12,"186cm, 80kg",좌타,우투,SS
563,박용택,72133,1979-04-21,"185cm, 90kg",좌타,우투,LF
564,서건창,78168,1989-08-22,"176cm, 84kg",좌타,우투,B
565,이택근,73342,1980-07-10,"183cm, 89kg",우타,우투,DH
566,채태인,77463,1982-10-11,"187cm, 94kg",좌타,좌투,B
567,채은성,79192,1990-02-06,"186cm, 92kg",우타,우투,RF
568,정성훈,99606,1980-06-27,"182cm, 83kg",우타,우투,B
569,정상호,71842,1982-12-24,"187cm, 100kg",우타,우투,C
570,윤석민,74215,1986-07-24,"185cm, 90kg",우타,우투,DH
571,김민성,77564,1988-12-17,"181cm, 94kg",우타,우투,B
572,고종욱,61353,1989-01-11,"184cm, 83kg",좌타,우투,LF
573,김하성,64300,1995-10-17,"175cm, 76kg",우타,우투,SS
574,박동원,79365,1990-04-07,"178cm, 92kg",우타,우투,C
575,임훈,74823,1985-07-17,"186cm, 86kg",좌타,좌투,RF
576,이정후,67341,1998-08-20,"185cm, 78kg",좌타,우투,CF
577,손주인,72456,1983-12-01,"179cm, 82kg",우타,우투,B
578,양석환,64153,1991-07-15,"185cm, 90kg",우타,우투,B
579,허정협,65399,1990-02-17,"184cm, 92kg",우타,우투,LF
580,박정음,62353,1989-04-15,"175cm, 77kg",좌타,좌투,CF
581,전준우,78513,1986-02-25,"184cm, 91kg",우타,우투,LF
582,번즈,67598,1990-08-07,"188cm, 93kg",우타,우투,B
583,손아섭,77532,1988-03-18,"174cm, 84kg",좌타,우투,RF
584,김성욱,62934,1993-05-01,"181cm, 83kg",우타,우투,CF
585,지석훈,73306,1984-03-17,"181cm, 74kg",우타,우투,SS
586,나성범,62947,1989-10-03,"183cm, 100kg",좌타,좌투,RF
587,스크럭스,67935,1987-09-23,"183cm, 98kg",우타,우투,B
588,박석민,74465,1985-06-22,"178cm, 88kg",우타,우투,B
589,이대호,71564,1982-06-21,"194cm, 100kg",우타,우투,DH
590,최준석,71552,1983-02-15,"187cm, 130kg",우타,우투,DH
591,강민호,74540,1985-08-18,"185cm, 100kg",우타,우투,C
592,권희동,63963,1990-12-30,"177cm, 85kg",우타,우투,LF
593,모창민,78813,1985-05-08,"188cm, 89kg",우타,우투,B
594,손시헌,73213,1980-10-19,"172cm, 73kg",우타,우투,SS
595,김문호,76509,1987-06-22,"184cm, 90kg",좌타,좌투,LF
596,신본기,62556,1989-03-21,"179cm, 88kg",우타,우투,SS
597,문규현,72546,1983-07-05,"184cm, 85kg",우타,우투,SS
598,김태군,78122,1989-12-30,"182cm, 92kg",우타,우투,C
599,나경민,66508,1991-12-12,"178cm, 80kg",좌타,좌투,CF
600,김대우,78536,1984-07-26,"189cm, 95kg",좌타,우투,DH
601,하주석,62700,1994-02-25,"184cm, 84kg",좌타,우투,SS
602,김인태,63257,1994-07-03,"178cm, 78kg",좌타,좌투,RF
603,차일목,73602,1981-01-26,"176cm, 81kg",우타,우투,C
604,최주환,76267,1988-02-28,"178cm, 73kg",좌타,우투,DH
605,노수광,63704,1990-08-06,"180cm, 80kg",좌타,우투,CF
606,최원준,66606,1997-03-23,"178cm, 81kg",좌타,우투,RF
607,최영진,61197,1988-05-10,"185cm, 87kg",우타,우투,B
608,최경철,73824,1980-08-15,"188cm, 86kg",우타,우투,C
609,정병곤,61104,1988-03-23,"176cm, 72kg",우타,우투,B
610,한승택,63722,1994-06-21,"174cm, 83kg",우타,우투,C
611,나주환,73209,1984-06-14,"180cm, 84kg",우타,우투,SS
612,김용의,78217,1985-08-20,"187cm, 74kg",좌타,우투,CF
613,이천웅,61186,1988-10-20,"182cm, 83kg",좌타,좌투,CF
614,유강남,61102,1992-07-15,"182cm, 88kg",우타,우투,C
615,서상우,62164,1989-09-17,"187cm, 90kg",좌타,우투,L
616,김준완,63920,1991-01-20,"174cm, 74kg",좌타,우투,RF
617,최재훈,78288,1989-08-27,"178cm, 76kg",우타,우투,C
618,전민수,78361,1989-03-18,"177cm, 76kg",좌타,우투,N
619,장성우,78548,1990-01-17,"187cm, 100kg",우타,우투,C
620,김민식,62864,1989-06-28,"180cm, 80kg",좌타,우투,C
621,정현,63450,1994-06-01,"181cm, 80kg",우타,우투,SS
622,조용호,64868,1989-09-09,"170cm, 75kg",좌타,우투,RF
623,정진기,61869,1992-10-10,"185cm, 92kg",좌타,우투,LF
624,김상호,62559,1989-05-10,"182cm, 85kg",우타,우투,B
625,정훈,60523,1987-07-18,"180cm, 85kg",우타,우투,CF
626,이상호,60566,1989-02-05,"180cm, 82kg",우타,우투,B
627,도태훈,66965,1993-03-18,"184cm, 85kg",좌타,우투,B
628,윤병호,62016,1989-07-05,"181cm, 78kg",우타,우투,CF
629,박세혁,62244,1990-01-09,"181cm, 86kg",좌타,우투,C
630,이우민,71565,1982-05-04,"182cm, 90kg",좌타,우투,CF
631,안치홍,79608,1990-07-02,"178cm, 94kg",우타,우투,B
632,박민우,62907,1993-02-06,"185cm, 80kg",좌타,우투,B
633,양성우,62797,1989-05-02,"174cm, 84kg",좌타,우투,RF
634,김사훈,61591,1987-06-18,"174cm, 86kg",우타,우투,C
635,김연훈,77609,1984-12-23,"180cm, 80kg",우타,우투,B
636,이명기,76849,1987-12-26,"183cm, 80kg",좌타,좌투,RF
637,권정웅,65412,1992-11-15,"180cm, 88kg",우타,우투,C
638,김재현,62332,1987-11-07,"175cm, 72kg",양타,우투,LF
639,김웅빈,65898,1996-02-09,"181cm, 84kg",좌타,우투,B
640,이성열,73136,1984-07-13,"185cm, 102kg",좌타,우투,RF
641,김지수,79300,1996-10-29,"178cm, 78kg",좌타,좌투,B
642,이대수,72860,1981-08-21,"175cm, 75kg",우타,우투,SS
643,김재유,65506,1992-08-07,"181cm, 77kg",좌타,우투,CF
644,황윤호,62908,1993-09-22,"177cm, 78kg",우타,우투,B
645,이병규,76100,1974-10-25,"185cm, 85kg",좌타,좌투,DH
646,정진호,61208,1988-10-02,"185cm, 78kg",좌타,우투,RF
647,이종욱,73339,1980-06-18,"176cm, 78kg",좌타,좌투,CF
648,박한이,71432,1979-01-28,"182cm, 91kg",좌타,좌투,DH
649,김민수,67504,1992-07-24,"188cm, 80kg",우타,우투,C
650,주효상,66354,1997-11-11,"182cm, 85kg",좌타,우투,C
651,이용규,74163,1985-08-26,"175cm, 70kg",좌타,좌투,LF
652,오선진,78756,1989-07-07,"178cm, 80kg",우타,우투,B
653,이성곤,64266,1992-03-25,"186cm, 93kg",좌타,우투,B
654,허도환,77243,1984-07-31,"176cm, 87kg",우타,우투,C
655,강상원,66710,1997-05-05,"172cm, 64kg",좌타,우투,LF
656,이정훈,67644,1994-12-07,"185cm, 90kg",좌타,우투,DH
657,김민준,63339,1994-02-12,"175cm, 75kg",우타,우투,CF
658,조수행,66209,1993-08-30,"178cm, 73kg",좌타,우투,CF
659,김진곤,63088,1987-09-10,"173cm, 75kg",좌타,우투,LF
660,유민상,62265,1989-04-13,"186cm, 101kg",좌타,우투,B
661,안익훈,65115,1996-02-12,"176cm, 70kg",좌타,좌투,CF
662,송성문,65357,1996-08-29,"183cm, 88kg",좌타,우투,B
663,고장혁,63636,1990-01-08,"183cm, 93kg",우타,우투,B
664,김동한,61204,1988-06-24,"175cm, 73kg",우타,우투,B
665,김상수,79402,1990-03-23,"175cm, 68kg",우타,우투,B
666,이재율,66968,1993-05-02,"185cm, 75kg",좌타,좌투,N
667,김호령,65653,1992-04-30,"178cm, 85kg",우타,우투,CF
668,최윤석,60805,1987-03-28,"173cm, 75kg",우타,우투,SS
669,김규민,62356,1993-01-26,"188cm, 85kg",좌타,좌투,LF
670,최정용,65464,1996-10-24,"178cm, 75kg",좌타,우투,B
671,강승호,63123,1994-02-09,"179cm, 77kg",우타,우투,B
672,안주형,66406,1993-08-14,"176cm, 68kg",좌타,우투,SS
673,로맥,67872,1985-09-30,"188cm, 100kg",우타,우투,B
674,정현석,78745,1984-03-01,"182cm, 93kg",우타,우투,RF
675,유재신,76368,1987-11-21,"179cm, 74kg",우타,우투,LF
676,이호준,94629,1976-02-08,"187cm, 95kg",우타,우투,DH
677,강지광,79130,1990-10-23,"181cm, 100kg",우타,우투,S
678,김민혁,65269,1995-11-21,"181cm, 71kg",좌타,우투,LF
679,이진영,66657,1997-07-21,"183cm, 89kg",우타,우투,DH
680,박상언,66707,1997-03-03,"185cm, 75kg",우타,우투,C
681,장영석,79334,1990-05-14,"186cm, 95kg",우타,우투,B
682,오준혁,61743,1992-03-11,"187cm, 80kg",좌타,우투,DH
683,김재율,61114,1989-01-14,"186cm, 90kg",우타,우투,B
684,김종민,79364,1986-03-30,"176cm, 85kg",우타,우투,C
685,김성윤,67449,1999-02-02,"163cm, 62kg",좌타,좌투,CF
686,남태혁,66052,1991-03-13,"187cm, 107kg",우타,우투,B
687,강진성,62925,1993-10-19,"180cm, 81kg",우타,우투,B
688,로하스,67025,1990-05-24,"188cm, 102kg",양타,우투,RF
689,박윤,77848,1988-03-07,"180cm, 95kg",좌타,좌투,B
690,이성우,71184,1981-09-01,"180cm, 91kg",우타,우투,C
691,임병욱,64346,1995-09-30,"185cm, 84kg",좌타,우투,CF
692,김태연,66704,1997-06-10,"178cm, 99kg",우타,우투,B
693,서예일,66203,1993-06-19,"178cm, 83kg",좌타,우투,B
694,최항,62884,1994-01-03,"183cm, 88kg",좌타,우투,B
695,황목치승,63077,1985-06-21,"173cm, 68kg",우타,우투,SS
696,이성규,66409,1993-08-03,"178cm, 82kg",우타,우투,B
697,김혜성,67304,1999-01-27,"179cm, 78kg",좌타,우투,B
698,최정민,62893,1989-06-02,"177cm, 72kg",좌타,우투,CF
699,정경운,66716,1993-08-09,"179cm, 76kg",우타,우투,SS
700,이원재,62025,1989-05-20,"186cm, 86kg",좌타,우투,LF
701,정주현,79150,1990-10-13,"176cm, 76kg",우타,우투,B
702,이우성,63260,1994-07-17,"182cm, 95kg",우타,우투,LF
703,정찬헌,78148,1990-01-26,"187cm, 94kg",우타,우투,P
704,로니,67134,1984-05-07,"190cm, 106kg",좌타,좌투,B
705,안치영,67006,1998-05-29,"176cm, 72kg",좌타,우투,B
706,김성훈,66462,1993-10-27,"172cm, 68kg",좌타,우투,B
707,초이스,67394,1989-11-10,"183cm, 104kg",우타,우투,RF
708,백용환,78643,1989-03-20,"180cm, 95kg",우타,우투,C
709,정범모,76720,1987-03-26,"184cm, 94kg",우타,우투,C
710,김강률,77263,1988-08-28,"187cm, 95kg",우타,우투,P
711,김재현,76869,1987-11-07,"175cm, 72kg",양타,우투,LF
712,정주후,65096,1995-06-26,"180cm, 67kg",좌타,우투,B
713,김민수,64793,1992-07-24,"188cm, 80kg",우타,우투,C
714,윤진호,79198,1986-06-23,"178cm, 78kg",우타,우투,B
715,박성한,67893,1998-03-30,"180cm, 77kg",좌타,우투,SS
716,노진혁,62931,1989-07-15,"184cm, 80kg",좌타,우투,B
717,호잉,68730,1989-05-18,"190cm, 92kg",좌타,우투,RF
718,박병호,75125,1986-07-10,"185cm, 107kg",우타,우투,B
719,황재균,76313,1987-07-28,"183cm, 96kg",우타,우투,B
720,강백호,68050,1999-07-29,"184cm, 98kg",좌타,우투,B
721,가르시아,68103,1985-04-12,"177cm, 93kg",우타,우투,B
722,김현수,76290,2000-07-10,"185cm, 90kg",우타,우투,LF
723,한동희,68525,1999-06-01,"181cm, 99kg",우타,우투,B
724,장승현,63202,1994-03-07,"184cm, 86kg",우타,우투,C
725,장진혁,66706,1993-09-30,"184cm, 83kg",좌타,우투,CF
726,박찬도,62409,1989-02-22,"185cm, 75kg",좌타,우투,RF
727,정은원,68743,2000-01-17,"177cm, 78kg",좌타,우투,B
728,양종민,79530,1990-10-09,"181cm, 81kg",우타,우투,B
729,홍재호,60605,1987-05-10,"180cm, 79kg",우타,우투,B
730,오영수,68904,2000-01-30,"178cm, 93kg",좌타,우투,B
731,김민하,61554,1989-02-25,"181cm, 88kg",우타,우투,RF
732,황인준,65618,1991-07-23,"184cm, 94kg",우타,우투,P
733,이창진,64560,1991-03-04,"173cm, 85kg",우타,우투,CF
734,윤수강,62537,1990-02-22,"181cm, 96kg",우타,우투,C
735,황경태,66207,1996-08-17,"181cm, 77kg",우타,우투,B
736,김호재,64407,1995-05-31,"178cm, 72kg",우타,우투,B
737,박준태,64657,1991-07-26,"181cm, 75kg",좌타,우투,CF
738,조홍석,63593,1990-02-23,"175cm, 78kg",좌타,우투,CF
739,송준석,64469,1994-05-04,"176cm, 78kg",좌타,좌투,RF
740,이도윤,65703,1996-10-07,"173cm, 71kg",좌타,우투,
741,류승현,66615,1997-07-01,"176cm, 84kg",좌타,우투,B
742,김찬형,66917,1997-12-29,"182cm, 80kg",우타,우투,B
743,송민섭,64012,1991-08-02,"177cm, 80kg",우타,우투,RF
744,문성주,68119,1997-02-20,"175cm, 78kg",좌타,좌투,DH
745,윤정우,61652,1988-05-12,"188cm, 91kg",우타,우투,LF
746,김형준,68912,1999-11-02,"187cm, 98kg",우타,우투,C
747,김인환,66715,1994-01-28,"186cm, 88kg",좌타,우투,B
748,안중열,64022,1995-09-01,"175cm, 87kg",우타,우투,C
749,허일,61566,1992-11-20,"177cm, 88kg",좌타,우투,CF
750,안상현,66864,1997-01-27,"178cm, 74kg",우타,우투,B
751,전민재,68205,1999-06-30,"181cm, 73kg",우타,우투,SS
752,샌즈,68345,1987-09-28,"193cm, 105kg",우타,우투,RF
753,전병우,65586,1992-10-24,"182cm, 90kg",우타,우투,B
754,정수빈,79231,1990-10-07,"175cm, 70kg",좌타,좌투,CF
755,이흥련,63440,1989-05-16,"183cm, 91kg",우타,우투,C
756,홍창기,66108,1993-11-21,"189cm, 94kg",좌타,우투,CF
757,김태진,64984,1995-10-07,"170cm, 75kg",좌타,우투,B
758,김재현,64499,1987-11-07,"175cm, 72kg",양타,우투,LF
759,배정대,64166,1995-06-12,"185cm, 80kg",우타,우투,CF
760,강민국,64906,1992-01-10,"176cm, 80kg",우타,우투,SS
761,페르난데스,69209,1988-04-27,"178cm, 83kg",좌타,우투,DH
762,이학주,69453,1990-11-04,"187cm, 87kg",좌타,우투,SS
763,노시환,69737,2000-12-03,"185cm, 96kg",우타,우투,B
764,김민혁,64004,1995-11-21,"181cm, 71kg",좌타,우투,LF
765,황대인,65610,1996-02-10,"178cm, 100kg",우타,우투,B
766,문상철,64007,1991-04-06,"184cm, 85kg",우타,우투,B
767,김준태,62558,1994-07-31,"175cm, 91kg",좌타,우투,C
768,변우혁,69727,2000-03-18,"185cm, 95kg",우타,우투,B
769,신민재,65207,1996-01-21,"171cm, 64kg",양타,우투,CF
770,박찬호,64646,1995-06-05,"178cm, 72kg",우타,우투,SS
771,강로한,65515,1992-05-13,"181cm, 78kg",좌타,우투,B
772,추재현,68362,1999-02-22,"179cm, 89kg",좌타,좌투,CF
773,박계범,64468,1996-01-11,"177cm, 84kg",우타,우투,SS
774,김재윤,65062,1990-09-16,"185cm, 91kg",우타,우투,P
775,배성근,64501,1995-04-27,"181cm, 76kg",우타,우투,SS
776,오정환,68614,1999-03-27,"185cm, 75kg",좌타,우투,B
777,송승환,69203,2000-10-28,"183cm, 93kg",우타,우투,LF
778,오선우,69636,1996-12-13,"186cm, 95kg",좌타,좌투,RF
779,고승민,69517,2000-08-11,"189cm, 92kg",좌타,우투,RF
780,이원석,68700,1999-03-31,"177cm, 70kg",우타,우투,B
781,김경호,64260,1995-07-31,"180cm, 68kg",좌타,우투,LF
782,김도환,69442,2000-04-14,"178cm, 90kg",우타,우투,C
783,터커,69652,1990-07-06,"183cm, 98kg",좌타,좌투,RF
784,최준우,68868,1999-03-25,"176cm, 78kg",좌타,우투,B
785,김창평,69825,2000-06-14,"183cm, 78kg",좌타,우투,B
786,전준호,67123,1969-02-15,"180cm, 72kg",좌타,좌투,C
787,구본혁,69100,1997-01-11,"177cm, 75kg",우타,우투,SS
788,최경모,69802,1996-06-17,"168cm, 73kg",우타,우투,B
789,정성종,68556,1995-11-16,"181cm, 88kg",좌타,우투,
790,김주형,69306,1985-12-15,"186cm, 112kg",우타,우투,SS
791,안승한,64011,1992-01-25,"177cm, 89kg",우타,우투,C
792,채현우,69804,1995-11-21,"182cm, 80kg",우타,우투,LF
793,윌슨,69569,1989-09-25,"188cm, 84kg",우타,우투,B
794,스몰린스키,69901,1989-02-09,"180cm, 95kg",우타,우투,RF
795,페게로,69165,1987-02-22,"195cm, 117kg",좌타,좌투,B
796,김성민,69860,1994-04-26,"181cm, 90kg",좌타,좌투,SS
797,이현석,65869,1992-06-07,"175cm, 90kg",우타,우투,C
798,윌리엄슨,69405,1990-07-15,"193cm, 107kg",우타,우투,RF
799,박승규,69418,2000-09-02,"178cm, 78kg",우타,우투,LF
800,정보근,68518,1999-08-31,"175cm, 88kg",우타,우투,C
801,장운호,63700,1994-02-20,"183cm, 85kg",우타,우투,RF
802,김병희,64014,1990-12-06,"180cm, 82kg",우타,우투,B
803,김재성,65132,1996-10-30,"185cm, 85kg",좌타,우투,DH
804,마차도,50506,1992-02-22,"185cm, 91kg",우타,우투,SS
805,알테어,50923,1991-01-14,"196cm, 97kg",우타,우투,CF
806,김지찬,50458,2001-03-08,"163cm, 64kg",좌타,우투,B
807,안권수,50202,1993-04-19,"175cm, 80kg",좌타,우투,RF
808,박재욱,64100,1995-12-06,"180cm, 92kg",우타,우투,C
809,변상권,68305,1997-04-04,"180cm, 80kg",좌타,우투,CF
810,김규성,66614,1997-03-08,"183cm, 73kg",좌타,우투,B
811,조한민,69705,2000-10-20,"182cm, 77kg",우타,우투,RF
812,최지훈,50854,1997-07-23,"178cm, 82kg",좌타,우투,CF
813,한석현,64101,1994-05-17,"181cm, 73kg",좌타,좌투,LF
814,서호철,69995,1996-10-16,"179cm, 85kg",우타,우투,B
815,천성호,50054,1997-10-30,"183cm, 85kg",좌타,우투,B
816,양찬열,50293,1997-05-25,"179cm, 84kg",좌타,우투,RF
817,권민석,68204,1999-02-20,"184cm, 74kg",우타,우투,B
818,박정현,50709,2001-07-27,"183cm, 85kg",우타,우투,SS
819,최인호,50707,2000-01-30,"178cm, 82kg",좌타,우투,LF
820,김호은,66113,1992-01-03,"181cm, 87kg",좌타,우투,B
821,박준영,66928,1997-08-05,"181cm, 75kg",우타,우투,B
822,이재원,68106,1999-07-17,"192cm, 100kg",우타,우투,C
823,김병휘,50304,2001-02-16,"177cm, 79kg",우타,우투,B
824,김지수,65503,1996-10-29,"178cm, 78kg",좌타,좌투,B
825,최정원,69992,2000-06-24,"176cm, 70kg",좌타,우투,B
826,임종찬,50704,2001-09-28,"184cm, 85kg",좌타,우투,RF
827,박주홍,50357,1999-08-20,"178cm, 109kg",좌타,좌투,LF
828,반즈,50730,1986-05-15,"188cm, 95kg",우타,우투,B
829,송우현,65362,1996-12-27,"181cm, 78kg",좌타,좌투,RF
830,한동희,68525,1999-06-01,"181cm, 99kg",우타,우투,B
831,마차도,50506,1992-02-22,"185cm, 91kg",우타,우투,SS
832,양의지,76232,1987-06-05,"179cm, 85kg",우타,우투,C
833,강진성,62925,1993-10-19,"180cm, 81kg",우타,우투,B
834,박석민,74465,1985-06-22,"178cm, 88kg",우타,우투,B
835,노진혁,62931,1989-07-15,"184cm, 80kg",좌타,우투,B
836,알테어,50923,1991-01-14,"196cm, 97kg",우타,우투,CF
837,김형준,68912,1999-11-02,"187cm, 98kg",우타,우투,C
838,박민우,62907,1993-02-06,"185cm, 80kg",좌타,우투,B
839,이명기,76849,1987-12-26,"183cm, 80kg",좌타,좌투,RF
840,안치홍,79608,1990-07-02,"178cm, 94kg",우타,우투,B
841,민병헌,76249,1987-03-10,"178cm, 87kg",우타,우투,CF
842,김준태,62558,1994-07-31,"175cm, 91kg",좌타,우투,C
843,정훈,60523,1987-07-18,"180cm, 85kg",우타,우투,CF
844,나성범,62947,1989-10-03,"183cm, 100kg",좌타,좌투,RF
845,손아섭,77532,1988-03-18,"174cm, 84kg",좌타,우투,RF
846,전준우,78513,1986-02-25,"184cm, 91kg",우타,우투,LF
847,이대호,71564,1982-06-21,"194cm, 100kg",우타,우투,DH
848,서건창,78168,1989-08-22,"176cm, 84kg",좌타,우투,B
849,김하성,64300,1995-10-17,"175cm, 76kg",우타,우투,SS
850,러셀,50350,1994-01-23,"183cm, 88kg",우타,우투,SS
851,박건우,79215,1990-09-08,"184cm, 80kg",우타,우투,CF
852,페르난데스,69209,1988-04-27,"178cm, 83kg",좌타,우투,DH
853,오재일,75334,1986-10-29,"187cm, 95kg",좌타,좌투,B
854,김재환,78224,1988-09-22,"183cm, 90kg",좌타,우투,LF
855,최주환,76267,1988-02-28,"178cm, 73kg",좌타,우투,DH
856,이정후,67341,1998-08-20,"185cm, 78kg",좌타,우투,CF
857,박병호,75125,1986-07-10,"185cm, 107kg",우타,우투,B
858,박동원,79365,1990-04-07,"178cm, 92kg",우타,우투,C
859,김혜성,67304,1999-01-27,"179cm, 78kg",좌타,우투,B
860,허경민,79240,1990-08-26,"176cm, 69kg",우타,우투,B
861,김재호,74206,1985-03-21,"181cm, 75kg",우타,우투,SS
862,정수빈,79231,1990-10-07,"175cm, 70kg",좌타,좌투,CF
863,정상호,71842,1982-12-24,"187cm, 100kg",우타,우투,C
864,허정협,65399,1990-02-17,"184cm, 92kg",우타,우투,LF
865,박준태,64657,1991-07-26,"181cm, 75kg",좌타,우투,CF
866,김인태,63257,1994-07-03,"178cm, 78kg",좌타,좌투,RF
867,박세혁,62244,1990-01-09,"181cm, 86kg",좌타,우투,C
868,이용규,74163,1985-08-26,"175cm, 70kg",좌타,좌투,LF
869,하주석,62700,1994-02-25,"184cm, 84kg",좌타,우투,SS
870,반즈,50730,1986-05-15,"188cm, 95kg",우타,우투,B
871,최진행,74729,1985-08-17,"188cm, 100kg",우타,우투,LF
872,오선진,78756,1989-07-07,"178cm, 80kg",우타,우투,B
873,김상수,79402,1990-03-23,"175cm, 68kg",우타,우투,B
874,박승규,69418,2000-09-02,"178cm, 78kg",우타,우투,LF
875,구자욱,62404,1993-02-12,"189cm, 75kg",좌타,우투,RF
876,이원석,75566,1999-03-31,"177cm, 70kg",우타,우투,B
877,이학주,69453,1990-11-04,"187cm, 87kg",좌타,우투,SS
878,이성규,66409,1993-08-03,"178cm, 82kg",우타,우투,B
879,김호재,64407,1995-05-31,"178cm, 72kg",우타,우투,B
880,강민호,74540,1985-08-18,"185cm, 100kg",우타,우투,C
881,박해민,62415,1990-02-24,"180cm, 75kg",좌타,우투,CF
882,김태균,71752,1982-05-29,"185cm, 110kg",우타,우투,DH
883,강경학,61700,1992-08-11,"180cm, 72kg",좌타,우투,B
884,최재훈,78288,1989-08-27,"178cm, 76kg",우타,우투,C
885,송준석,64469,1994-05-04,"176cm, 78kg",좌타,좌투,RF
886,이성곤,64266,1992-03-25,"186cm, 93kg",좌타,우투,B
887,김지찬,50458,2001-03-08,"163cm, 64kg",좌타,우투,B
888,홍창기,66108,1993-11-21,"189cm, 94kg",좌타,우투,CF
889,오지환,79109,1990-03-12,"186cm, 80kg",좌타,우투,SS
890,채은성,79192,1990-02-06,"186cm, 92kg",우타,우투,RF
891,김현수,76290,2000-07-10,"185cm, 90kg",우타,우투,LF
892,김민성,77564,1988-12-17,"181cm, 94kg",우타,우투,B
893,이형종,78135,1989-06-07,"183cm, 80kg",우타,우투,CF
894,최지훈,50854,1997-07-23,"178cm, 82kg",좌타,우투,CF
895,최정,75847,1987-02-28,"180cm, 90kg",우타,우투,B
896,로맥,67872,1985-09-30,"188cm, 100kg",우타,우투,B
897,유강남,61102,1992-07-15,"182cm, 88kg",우타,우투,C
898,정주현,79150,1990-10-13,"176cm, 76kg",우타,우투,B
899,채태인,77463,1982-10-11,"187cm, 94kg",좌타,좌투,B
900,오준혁,61743,1992-03-11,"187cm, 80kg",좌타,우투,DH
901,최준우,68868,1999-03-25,"176cm, 78kg",좌타,우투,B
902,이재원,76812,1999-07-17,"192cm, 100kg",우타,우투,C
903,김성현,76802,1987-03-09,"172cm, 72kg",우타,우투,B
904,윤석민,74215,1986-07-24,"185cm, 90kg",우타,우투,DH
905,이현석,65869,1992-06-07,"175cm, 90kg",우타,우투,C
906,정현,63450,1994-06-01,"181cm, 80kg",우타,우투,SS
907,구본혁,69100,1997-01-11,"177cm, 75kg",우타,우투,SS
908,신민재,65207,1996-01-21,"171cm, 64kg",양타,우투,CF
909,김호은,66113,1992-01-03,"181cm, 87kg",좌타,우투,B
910,김강민,71837,1982-09-13,"182cm, 85kg",우타,우투,CF
911,노시환,69737,2000-12-03,"185cm, 96kg",우타,우투,B
912,박찬도,62409,1989-02-22,"185cm, 75kg",좌타,우투,RF
913,정은원,68743,2000-01-17,"177cm, 78kg",좌타,우투,B
914,임종찬,50704,2001-09-28,"184cm, 85kg",좌타,우투,RF
915,조용호,64868,1989-09-09,"170cm, 75kg",좌타,우투,RF
916,황재균,76313,1987-07-28,"183cm, 96kg",우타,우투,B
917,로하스,67025,1990-05-24,"188cm, 102kg",양타,우투,RF
918,강백호,68050,1999-07-29,"184cm, 98kg",좌타,우투,B
919,유한준,74339,1981-07-01,"186cm, 97kg",우타,우투,RF
920,배정대,64166,1995-06-12,"185cm, 80kg",우타,우투,CF
921,이창진,64560,1991-03-04,"173cm, 85kg",우타,우투,CF
922,터커,69652,1990-07-06,"183cm, 98kg",좌타,좌투,RF
923,최형우,72443,1983-12-16,"179cm, 106kg",좌타,우투,LF
924,박경수,73113,1984-03-31,"178cm, 80kg",우타,우투,B
925,장성우,78548,1990-01-17,"187cm, 100kg",우타,우투,C
926,심우준,64006,1995-04-28,"183cm, 75kg",우타,우투,SS
927,나지완,78629,1985-05-19,"182cm, 105kg",우타,우투,DH
928,김민식,62864,1989-06-28,"180cm, 80kg",좌타,우투,C
929,유민상,62265,1989-04-13,"186cm, 101kg",좌타,우투,B
930,나주환,73209,1984-06-14,"180cm, 84kg",우타,우투,SS
931,박찬호,64646,1995-06-05,"178cm, 72kg",우타,우투,SS
932,김규성,66614,1997-03-08,"183cm, 73kg",좌타,우투,B
933,최정용,65464,1996-10-24,"178cm, 75kg",좌타,우투,B
934,백용환,78643,1989-03-20,"180cm, 95kg",우타,우투,C
935,김민혁,64004,1995-11-21,"181cm, 71kg",좌타,우투,LF
936,최원준,66606,1997-03-23,"178cm, 81kg",좌타,우투,RF
937,이성우,71184,1981-09-01,"180cm, 91kg",우타,우투,C
938,고종욱,61353,1989-01-11,"184cm, 83kg",좌타,우투,LF
939,박주홍,50357,1999-08-20,"178cm, 109kg",좌타,좌투,LF
940,장승현,63202,1994-03-07,"184cm, 86kg",우타,우투,C
941,오재원,77248,1985-02-09,"185cm, 75kg",좌타,우투,B
942,노수광,63704,1990-08-06,"180cm, 80kg",좌타,우투,CF
943,이해창,60343,1987-05-11,"184cm, 85kg",우타,우투,C
944,한승택,63722,1994-06-21,"174cm, 83kg",우타,우투,C
945,정보근,68518,1999-08-31,"175cm, 88kg",우타,우투,C
946,김성욱,62934,1993-05-01,"181cm, 83kg",우타,우투,CF
947,권희동,63963,1990-12-30,"177cm, 85kg",우타,우투,LF
948,지석훈,73306,1984-03-17,"181cm, 74kg",우타,우투,SS
949,김태훈,65040,1996-03-31,"177cm, 78kg",좌타,우투,DH
950,송민섭,64012,1991-08-02,"177cm, 80kg",우타,우투,RF
951,김웅빈,65898,1996-02-09,"181cm, 84kg",좌타,우투,B
952,전병우,65586,1992-10-24,"182cm, 90kg",우타,우투,B
953,주효상,66354,1997-11-11,"182cm, 85kg",좌타,우투,C
954,김민수,64793,1992-07-24,"188cm, 80kg",우타,우투,C
955,김재현,64499,1987-11-07,"175cm, 72kg",양타,우투,LF
956,이지영,79456,1986-02-27,"178cm, 83kg",우타,우투,C
957,김선빈,78603,1989-12-18,"165cm, 77kg",우타,우투,SS
958,신본기,62556,1989-03-21,"179cm, 88kg",우타,우투,SS
959,오선우,69636,1996-12-13,"186cm, 95kg",좌타,좌투,RF
960,모창민,78813,1985-05-08,"188cm, 89kg",우타,우투,B
961,최용제,64213,1991-07-12,"182cm, 90kg",우타,우투,C
962,최정원,69992,2000-06-24,"176cm, 70kg",좌타,우투,B
963,이상호,60566,1989-02-05,"180cm, 82kg",우타,우투,B
964,안권수,50202,1993-04-19,"175cm, 80kg",좌타,우투,RF
965,천성호,50054,1997-10-30,"183cm, 85kg",좌타,우투,B
966,허도환,77243,1984-07-31,"176cm, 87kg",우타,우투,C
967,박승욱,62802,1992-12-04,"184cm, 85kg",좌타,우투,SS
968,김준완,63920,1991-01-20,"174cm, 74kg",좌타,우투,RF
969,이유찬,67207,1998-08-05,"175cm, 68kg",우타,우투,B
970,김동엽,66838,1990-07-24,"186cm, 101kg",우타,우투,DH
971,김용의,78217,1985-08-20,"187cm, 74kg",좌타,우투,CF
972,김호령,65653,1992-04-30,"178cm, 85kg",우타,우투,CF
973,김경호,64260,1995-07-31,"180cm, 68kg",좌타,우투,LF
974,강민국,64906,1992-01-10,"176cm, 80kg",우타,우투,SS
975,박계범,64468,1996-01-11,"177cm, 84kg",우타,우투,SS
976,이흥련,63440,1989-05-16,"183cm, 91kg",우타,우투,C
977,김재현,76869,1987-11-07,"175cm, 72kg",양타,우투,LF
978,김동한,61204,1988-06-24,"175cm, 73kg",우타,우투,B
979,김헌곤,61404,1988-11-09,"174cm, 81kg",우타,우투,LF
980,김재유,65506,1992-08-07,"181cm, 77kg",좌타,우투,CF
981,허일,61566,1992-11-20,"177cm, 88kg",좌타,우투,CF
982,이원재,62025,1989-05-20,"186cm, 86kg",좌타,우투,LF
983,김도환,69442,2000-04-14,"178cm, 90kg",우타,우투,C
984,최항,62884,1994-01-03,"183cm, 88kg",좌타,우투,B
985,박준영,66928,1997-08-05,"181cm, 75kg",우타,우투,B
986,김찬형,66917,1997-12-29,"182cm, 80kg",우타,우투,B
987,이우성,63260,1994-07-17,"182cm, 95kg",우타,우투,LF
988,박정음,62353,1989-04-15,"175cm, 77kg",좌타,좌투,CF
989,박용택,72133,1979-04-21,"185cm, 90kg",좌타,우투,LF
990,오태곤,60558,1991-11-18,"186cm, 88kg",우타,우투,B
991,홍종표,50600,2000-05-02,"178cm, 72kg",좌타,우투,B
992,송우현,65362,1996-12-27,"181cm, 78kg",좌타,좌투,RF
993,이홍구,63634,1990-12-11,"180cm, 95kg",우타,우투,C
994,김태군,78122,1989-12-30,"182cm, 92kg",우타,우투,C
995,최인호,50707,2000-01-30,"178cm, 82kg",좌타,우투,LF
996,송광민,76753,1983-06-24,"184cm, 90kg",우타,우투,B
997,정진호,61208,1988-10-02,"185cm, 78kg",좌타,우투,RF
998,임병욱,64346,1995-09-30,"185cm, 84kg",좌타,우투,CF
999,박상언,66707,1997-03-03,"185cm, 75kg",우타,우투,C
1000,김성민,50848,1994-04-26,"181cm, 90kg",좌타,좌투,SS
1001,박정현,50709,2001-07-27,"183cm, 85kg",우타,우투,SS
1002,이진영,66657,1997-07-21,"183cm, 89kg",우타,우투,DH
1003,정근우,75808,1982-10-02,"172cm, 80kg",우타,우투,B
1004,고장혁,63636,1990-01-08,"183cm, 93kg",우타,우투,B
1005,신성현,64086,1990-10-19,"183cm, 92kg",우타,우투,
1006,김기환,65462,1995-08-25,"182cm, 74kg",좌타,우투,CF
1007,황대인,65610,1996-02-10,"178cm, 100kg",우타,우투,B
1008,변상권,68305,1997-04-04,"180cm, 80kg",좌타,우투,CF
1009,이재원,68106,1999-07-17,"192cm, 100kg",우타,우투,C
1010,김주형,69306,1985-12-15,"186cm, 112kg",우타,우투,SS
1011,백동훈,63559,1990-09-16,"184cm, 98kg",우타,우투,RF
1012,서예일,66203,1993-06-19,"178cm, 83kg",좌타,우투,B
1013,이성열,73136,1984-07-13,"185cm, 102kg",좌타,우투,RF
1014,팔카,50469,1991-10-28,"188cm, 104kg",좌타,좌투,DH
1015,권민석,68204,1999-02-20,"184cm, 74kg",우타,우투,B
1016,최정민,62893,1989-06-02,"177cm, 72kg",좌타,우투,CF
1017,정의윤,75151,1986-07-25,"185cm, 90kg",우타,우투,DH
1018,황윤호,62908,1993-09-22,"177cm, 78kg",우타,우투,B
1019,김규민,62356,1993-01-26,"188cm, 85kg",좌타,좌투,LF
1020,양석환,64153,1991-07-15,"185cm, 90kg",우타,우투,B
1021,조수행,66209,1993-08-30,"178cm, 73kg",좌타,우투,CF
1022,홍현빈,67005,1997-08-29,"174cm, 70kg",좌타,우투,CF
1023,이병규,76100,1974-10-25,"185cm, 85kg",좌타,좌투,DH
1024,박재욱,64100,1995-12-06,"180cm, 92kg",우타,우투,C
1025,양찬열,50293,1997-05-25,"179cm, 84kg",좌타,우투,RF
1026,남태혁,66052,1991-03-13,"187cm, 107kg",우타,우투,B
1027,박성한,67893,1998-03-30,"180cm, 77kg",좌타,우투,SS
1028,김태진,64984,1995-10-07,"170cm, 75kg",좌타,우투,B
1029,이천웅,61186,1988-10-20,"182cm, 83kg",좌타,좌투,CF
1030,강태율,65514,1996-11-01,"180cm, 88kg",우타,우투,C
1031,도태훈,66965,1993-03-18,"184cm, 85kg",좌타,우투,B
1032,문상철,64007,1991-04-06,"184cm, 85kg",우타,우투,B
1033,김병희,64014,1990-12-06,"180cm, 82kg",우타,우투,B
1034,강한울,64610,1991-09-12,"181cm, 66kg",좌타,우투,B
1035,채현우,69804,1995-11-21,"182cm, 80kg",우타,우투,LF
1036,김창평,69825,2000-06-14,"183cm, 78kg",좌타,우투,B
1037,김재현,62332,1987-11-07,"175cm, 72kg",양타,우투,LF
1038,김성윤,67449,1999-02-02,"163cm, 62kg",좌타,좌투,CF
1039,문찬종,50365,1991-03-23,"183cm, 83kg",양타,우투,SS
1040,이재율,66968,1993-05-02,"185cm, 75kg",좌타,좌투,N
1041,김민준,63339,1994-02-12,"175cm, 75kg",우타,우투,CF
1042,김민하,61554,1989-02-25,"181cm, 88kg",우타,우투,RF
1043,최영진,61197,1988-05-10,"185cm, 87kg",우타,우투,B
1044,이도윤,65703,1996-10-07,"173cm, 71kg",좌타,우투,SS
1045,조한민,69705,2000-10-20,"182cm, 77kg",우타,우투,RF
1046,정주후,65096,1995-06-26,"180cm, 67kg",좌타,우투,B
1047,윤수강,62537,1990-02-22,"181cm, 96kg",우타,우투,C
1048,권정웅,65412,1992-11-15,"180cm, 88kg",우타,우투,C
1049,김지수,65503,1996-10-29,"178cm, 78kg",좌타,좌투,B
1050,배성근,64501,1995-04-27,"181cm, 76kg",우타,우투,SS
1051,장운호,63700,1994-02-20,"183cm, 85kg",우타,우투,RF
1052,김민수,67504,1992-07-24,"188cm, 80kg",우타,우투,C
1053,허관회,69706,1999-02-12,"176cm, 83kg",우타,우투,C
1054,이호연,68504,1995-06-03,"177cm, 87kg",좌타,우투,SS
